{
  "booking": [
    {
      "id": 1,
      "name": "Post",
      "room": "EDV99",
      "date": "2023-01-31",
      "from": "17:20",
      "to": "22:15",
      "price": 60.50
    },
    {
      "id": 2,
      "name": "Wiedermann",
      "room": "EDV10",
      "date": "2023-01-31",
      "from": "17:20",
      "to": "22:15",
      "price": 60.50
    },
    {
      "id": 3,
      "name": "Kainerstorfer",
      "room": "Aula",
      "date": "2023-02-03",
      "from": "08:00:20",
      "to": "11:50:30",
      "price": 100
    }
  ],
  "room": [
    {
      "room": "EDV10"
    },
    {
      "room": "EDV99"
    },
    {
      "room": "Aula"
    }
  ]
}
