{
  "books": [
    {
      "id": 3,
      "title": "Book Tom Turbo 8",
      "isbn": "123456789X",
      "author": "Author 4",
      "preview": "hgjhgjghg",
      "genre": "Thriller",
      "borrowed": "2023-01-12",
      "returned": "2023-02-15",
      "fee": 34.99
    },
    {
      "id": 4,
      "title": "Book Fritz Phantom",
      "isbn": "123456789X",
      "author": "Author 4",
      "preview": "asdfghjklö",
      "genre": "Komödie",
      "borrowed": "2022-12-12",
      "returned": "2022-12-24",
      "fee": 1.99
    },
        {
      "id": 4,
      "title": "Book Eiersalat",
      "isbn": "123456789X",
      "author": "Helge Schneider",
      "preview": "Die Geschichte beginnt damit, dass sich die Protagonistin im Flugzeug nach Griechenland befindet. Der Urlaub ist ein Geschenk ihres Mannes, worüber sie sich jedoch nicht dankbar zeigt. Schnell...",
      "genre": "Komödie",
      "borrowed": "2022-12-12",
      "returned": "2023-12-24",
      "fee": 1199.9987
    }
  ],
  "bookgenre": [
    {
      "title": "Horror"
    },
    {
      "title": "Kinder"
    },
    {
      "title": "Thriller"
    },
    {
      "title": "Komödie"
    }
  ]
}